{
  "0": [
    0.0,
    1.0,
    0.0
  ],
  "1": [
    0.06931471805599453,
    0.9330329915368074,
    0.06696700846319259
  ],
  "2": [
    0.13862943611198905,
    0.8705505632961241,
    0.12944943670387588
  ],
  "3": [
    0.20794415416798356,
    0.8122523963562356,
    0.18774760364376442
  ],
  "4": [
    0.2772588722239781,
    0.7578582832551991,
    0.2421417167448009
  ],
  "5": [
    0.34657359027997264,
    0.7071067811865476,
    0.2928932188134524
  ],
  "6": [
    0.4158883083359671,
    0.6597539553864472,
    0.3402460446135528
  ],
  "7": [
    0.48520302639196167,
    0.6155722066724582,
    0.38442779332754184
  ],
  "8": [
    0.5545177444479562,
    0.5743491774985175,
    0.42565082250148245
  ],
  "9": [
    0.6238324625039507,
    0.5358867312681466,
    0.46411326873185343
  ],
  "10": [
    0.6931471805599453,
    0.5,
    0.5
  ],
  "11": [
    1.3862943611198906,
    0.25,
    0.75
  ],
  "12": [
    2.0794415416798357,
    0.12500000000000003,
    0.875
  ],
  "13": [
    2.772588722239781,
    0.0625,
    0.9375
  ],
  "14": [
    3.4657359027997265,
    0.03125,
    0.96875
  ],
  "15": [
    4.1588830833596715,
    0.015625000000000007,
    0.984375
  ],
  "16": [
    4.852030263919617,
    0.007812500000000002,
    0.9921875
  ],
  "17": [
    5.545177444479562,
    0.003906250000000001,
    0.99609375
  ],
  "18": [
    6.238324625039508,
    0.001953125,
    0.998046875
  ],
  "19": [
    6.931471805599453,
    0.0009765625,
    0.9990234375
  ],
  "20": [
    7.6246189861593985,
    0.00048828124999999995,
    0.99951171875
  ],
  "21": [
    8.317766166719343,
    0.00024414062500000016,
    0.999755859375
  ],
  "22": [
    9.010913347279288,
    0.00012207031250000008,
    0.9998779296875
  ]
}